"avg(wifi) / 1000","avg(gsm) / 1000","avg(bluetooth) / 1000"
2.97650613,0.02208512,32.07020475
